,country,year,GDPPerCapita,exportsShareGDP,taxRevenueShareGDP,importsShareGDP,yearJoinEU,euJoin2004
1,Albania,1992,200.8522198,12.49959149,NA,96.28588075,9999,No EU Member
20,Albania,1993,367.2792251,15.97882981,NA,64.53950296,9999,No EU Member
39,Albania,1994,586.4163396,11.98369435,NA,41.11889039,9999,No EU Member
58,Albania,1995,750.6044492,12.6408295,13.6007883,34.96976538,9999,No EU Member
77,Albania,1996,1009.977275,11.62044389,8.861718692,33.27501279,9999,No EU Member
96,Albania,1997,717.3800477,10.19726914,9.904836957,35.22835653,9999,No EU Member
115,Albania,1998,813.7893966,11.46712468,14.5689441,36.67032179,9999,No EU Member
134,Albania,1999,1033.242532,16.84175169,NA,34.16930797,9999,No EU Member
153,Albania,2000,1126.68334,20.11536336,NA,43.33887338,9999,No EU Member
172,Albania,2001,1281.659826,21.33343035,NA,45.1575919,9999,No EU Member
191,Albania,2002,1425.124219,20.9456604,16.48424227,47.57950119,9999,No EU Member
210,Albania,2003,1846.120121,20.84743662,17.19613774,46.17315246,9999,No EU Member
229,Albania,2004,2373.581292,22.21753771,17.96507586,44.82956825,9999,No EU Member
248,Albania,2005,2673.786584,23.01299612,NA,47.85932703,9999,No EU Member
267,Albania,2006,2972.742924,25.20959971,NA,49.05750314,9999,No EU Member
286,Albania,2007,3595.038057,28.24786024,NA,54.95418051,9999,No EU Member
305,Albania,2008,4370.539925,25.30240331,NA,52.14930284,9999,No EU Member
324,Albania,2009,4114.134899,25.24074773,NA,49.85418765,9999,No EU Member
343,Albania,2010,4094.360204,27.97946186,NA,48.56398404,9999,No EU Member
362,Albania,2011,4437.177794,29.24150254,18.02201328,51.97705102,9999,No EU Member
381,Albania,2012,4247.614342,28.93748626,17.48323356,47.5726866,9999,No EU Member
400,Albania,2013,4413.082887,28.91634625,16.50327061,46.95741575,9999,No EU Member
419,Albania,2014,4578.667934,28.21297136,18.30193614,47.1948427,9999,No EU Member
438,Albania,2015,3952.830781,27.26738418,18.51578986,44.53363192,9999,No EU Member
457,Albania,2016,4131.872341,28.9234171,17.55717773,45.74584257,9999,No EU Member
476,Albania,2017,4537.579056,31.52427158,18.86023507,46.55718449,9999,No EU Member
495,Albania,2018,NA,NA,NA,NA,9999,No EU Member
2,Armenia,1992,369.6333681,39.82075502,NA,61.25600438,9999,No EU Member
21,Armenia,1993,357.2043399,47.21897587,NA,60.75417041,9999,No EU Member
40,Armenia,1994,400.5160919,39.32803935,NA,73.10132525,9999,No EU Member
59,Armenia,1995,456.3758998,23.92792083,NA,62.18693624,9999,No EU Member
78,Armenia,1996,504.059514,23.2400035,NA,55.98955662,9999,No EU Member
97,Armenia,1997,523.2835691,20.27326939,NA,58.27447567,9999,No EU Member
116,Armenia,1998,609.1730254,19.00301997,NA,52.83943191,9999,No EU Member
135,Armenia,1999,597.4334817,20.75824695,NA,49.80223219,9999,No EU Member
154,Armenia,2000,622.7427477,23.37525912,NA,50.54326015,9999,No EU Member
173,Armenia,2001,694.4305119,25.46839941,NA,46.14879722,9999,No EU Member
192,Armenia,2002,783.2616099,29.35657306,NA,46.5868759,9999,No EU Member
211,Armenia,2003,930.1661567,32.15266963,NA,50.03500154,9999,No EU Member
230,Armenia,2004,1191.96192,29.73481317,13.99640565,45.30239702,9999,No EU Member
249,Armenia,2005,1643.758543,28.80924261,14.33566341,43.22971407,9999,No EU Member
268,Armenia,2006,2158.002909,23.35898587,14.39598656,39.2502072,9999,No EU Member
287,Armenia,2007,3138.808703,19.18563442,15.96253173,39.15081126,9999,No EU Member
306,Armenia,2008,4010.026997,15.0471063,17.32175873,40.65575862,9999,No EU Member
325,Armenia,2009,2993.832531,15.47447505,16.50586323,43.00439482,9999,No EU Member
344,Armenia,2010,3218.381655,20.83010917,17.0700514,45.31720064,9999,No EU Member
363,Armenia,2011,3526.978143,23.75685346,17.21941905,47.35401696,9999,No EU Member
382,Armenia,2012,3684.80481,27.56672188,17.49164208,48.40002152,9999,No EU Member
401,Armenia,2013,3843.591213,28.3591265,NA,48.19706929,9999,No EU Member
420,Armenia,2014,3994.712355,28.5651387,21.59917455,47.04654614,9999,No EU Member
439,Armenia,2015,3617.935746,29.72799648,20.93122083,41.86526887,9999,No EU Member
458,Armenia,2016,3605.743117,33.14800495,21.27737528,42.76987508,9999,No EU Member
477,Armenia,2017,3936.79832,37.31976764,20.76420393,49.54832654,9999,No EU Member
496,Armenia,2018,NA,NA,NA,NA,9999,No EU Member
3,Bulgaria,1992,1211.980878,47.11155378,16.90338645,52.93824701,2007,No EU Member
22,Bulgaria,1993,1278.247173,38.20675811,15.21378387,45.83472733,2007,No EU Member
41,Bulgaria,1994,1148.494399,45.04756469,21.23896499,45.67256469,2007,No EU Member
60,Bulgaria,1995,1554.046931,51.92103087,17.81544252,49.90613559,2007,No EU Member
79,Bulgaria,1996,1208.875103,58.97681401,16.64214623,45.38904643,2007,No EU Member
98,Bulgaria,1997,1346.910553,50.10922522,14.94287277,37.28415977,2007,No EU Member
117,Bulgaria,1998,1809.683845,42.18984041,16.23058295,35.31185134,2007,No EU Member
136,Bulgaria,1999,1648.104859,43.05102603,17.00384837,47.65860936,2007,No EU Member
155,Bulgaria,2000,1609.882452,36.47440901,17.15913176,41.81997866,2007,No EU Member
174,Bulgaria,2001,1757.44378,35.14877565,17.27190335,44.53871419,2007,No EU Member
193,Bulgaria,2002,2076.830682,33.90857298,15.41408085,41.94556028,2007,No EU Member
212,Bulgaria,2003,2698.624248,34.68329084,19.92464113,44.94192267,2007,No EU Member
231,Bulgaria,2004,3363.799644,41.27215896,21.21665639,52.50865814,2007,No EU Member
250,Bulgaria,2005,3869.529455,42.86338985,20.46719041,57.63349124,2007,No EU Member
269,Bulgaria,2006,4490.201777,47.32154433,21.11192974,64.53829546,2007,No EU Member
288,Bulgaria,2007,5885.949252,52.38024707,22.88226869,71.21171058,2007,No EU Member
307,Bulgaria,2008,7261.754492,52.54336762,22.17890096,72.30149033,2007,No EU Member
326,Bulgaria,2009,6969.558557,42.33201207,19.03347085,50.60909025,2007,No EU Member
345,Bulgaria,2010,6843.26695,50.17887879,18.45090429,53.02836784,2007,No EU Member
364,Bulgaria,2011,7813.806692,59.06908208,17.7392303,58.6929011,2007,No EU Member
383,Bulgaria,2012,7378.02473,60.80187322,18.97682483,63.97457838,2007,No EU Member
402,Bulgaria,2013,7646.839866,64.88949639,19.89304364,65.30077773,2007,No EU Member
421,Bulgaria,2014,7864.760672,64.91797603,19.5253152,65.85940112,2007,No EU Member
440,Bulgaria,2015,6993.783483,64.10439943,20.20137126,63.9566154,2007,No EU Member
459,Bulgaria,2016,7469.455638,63.97864655,20.04102943,59.66514395,2007,No EU Member
478,Bulgaria,2017,8227.960406,67.3689784,NA,63.70695499,2007,No EU Member
497,Bulgaria,2018,NA,NA,NA,NA,2007,No EU Member
4,Croatia,1992,NA,NA,NA,NA,2013,No EU Member
23,Croatia,1993,NA,NA,NA,NA,2013,No EU Member
42,Croatia,1994,NA,NA,NA,NA,2013,No EU Member
61,Croatia,1995,4794.937213,27.6117636,22.78130074,35.89411578,2013,No EU Member
80,Croatia,1996,5268.805674,30.72975387,22.65221159,37.25924153,2013,No EU Member
99,Croatia,1997,5210.430239,31.31887636,21.80455157,44.22740013,2013,No EU Member
118,Croatia,1998,5650.332015,29.48575917,24.99658837,36.27764524,2013,No EU Member
137,Croatia,1999,5135.473343,30.45728132,23.0383076,36.51041293,2013,No EU Member
156,Croatia,2000,4919.628069,36.50504251,22.15867684,39.55190184,2013,No EU Member
175,Croatia,2001,5245.421419,38.66242334,20.84307151,42.18235024,2013,No EU Member
194,Croatia,2002,6051.452886,37.68556984,21.35754985,45.56454685,2013,No EU Member
213,Croatia,2003,7807.943855,38.87983941,20.6123581,46.31679386,2013,No EU Member
232,Croatia,2004,9354.228015,39.50292129,19.88851088,45.52649345,2013,No EU Member
251,Croatia,2005,10208.73063,39.35557791,19.81210934,45.50156281,2013,No EU Member
270,Croatia,2006,11345.74226,39.70190742,19.87725604,46.4476611,2013,No EU Member
289,Croatia,2007,13546.86567,38.98185358,19.92006257,46.2458262,2013,No EU Member
308,Croatia,2008,15892.31603,38.47006846,20.00662091,46.50871597,2013,No EU Member
327,Croatia,2009,14168.67371,34.48149696,19.21702709,38.19217646,2013,No EU Member
346,Croatia,2010,13546.21421,37.61102315,19.0970352,38.03235187,2013,No EU Member
365,Croatia,2011,14578.2901,40.30014527,18.4198457,40.76112838,2013,No EU Member
384,Croatia,2012,13250.75712,41.52800678,19.5553258,41.0553578,2013,No EU Member
403,Croatia,2013,13663.51913,42.74262844,19.00175312,42.282608,2013,No EU Member
422,Croatia,2014,13606.89344,45.26994748,19.10605037,43.3533411,2013,No EU Member
441,Croatia,2015,11773.26466,48.13601817,NA,45.76895636,2013,No EU Member
460,Croatia,2016,12371.00216,48.73938037,NA,45.95332892,2013,No EU Member
479,Croatia,2017,13382.71985,51.08624181,NA,48.83868199,2013,No EU Member
498,Croatia,2018,NA,NA,NA,NA,2013,No EU Member
5,Czech Republic,1992,3352.034161,40.04592951,NA,38.84918653,2004,EU Member
24,Czech Republic,1993,3931.744463,40.12560939,18.8647223,39.00896357,2004,EU Member
43,Czech Republic,1994,4601.952312,37.27180435,16.75560545,38.42778125,2004,EU Member
62,Czech Republic,1995,5788.150737,40.39958473,16.3390898,43.49537047,2004,EU Member
81,Czech Republic,1996,6493.863346,38.31682929,15.38786433,43.17642116,2004,EU Member
100,Czech Republic,1997,5996.83381,40.46147366,15.17936413,44.61269448,2004,EU Member
119,Czech Republic,1998,6458.904501,42.20851859,14.43578028,42.48009098,2004,EU Member
138,Czech Republic,1999,6307.698004,42.92033997,14.94012933,43.34091295,2004,EU Member
157,Czech Republic,2000,6011.61522,48.19229106,14.51693772,50.04082974,2004,EU Member
176,Czech Republic,2001,6609.20553,49.02794017,14.80355362,50.28203382,2004,EU Member
195,Czech Republic,2002,8032.896612,45.12414772,14.61554927,46.4018341,2004,EU Member
214,Czech Republic,2003,9773.117503,46.90732434,15.05549779,48.10787288,2004,EU Member
233,Czech Republic,2004,11685.88724,57.34044443,15.49079755,56.5278908,2004,EU Member
252,Czech Republic,2005,13346.17639,62.18195729,14.36541844,59.83330122,2004,EU Member
271,Czech Republic,2006,15183.63605,65.18629879,14.08293332,62.44620385,2004,EU Member
290,Czech Republic,2007,18373.649,66.40896619,14.50234459,63.96393652,2004,EU Member
309,Czech Republic,2008,22698.85396,63.22636742,13.44185569,61.06246414,2004,EU Member
328,Czech Republic,2009,19741.59763,58.68429978,13.36082326,54.80846904,2004,EU Member
347,Czech Republic,2010,19808.07109,66.02952103,13.44956068,62.93755603,2004,EU Member
366,Czech Republic,2011,21717.45794,71.30715673,14.31395809,67.47782153,2004,EU Member
385,Czech Republic,2012,19729.87051,76.17007462,14.68783067,71.36738432,2004,EU Member
404,Czech Republic,2013,19916.01939,76.87095181,14.94643408,71.10722261,2004,EU Member
423,Czech Republic,2014,19744.55861,82.54569243,14.17155545,76.18126431,2004,EU Member
442,Czech Republic,2015,17715.61685,81.04930107,14.55582215,75.05056266,2004,EU Member
461,Czech Republic,2016,18483.71648,79.54110835,14.65863858,72.05765895,2004,EU Member
480,Czech Republic,2017,20368.13856,79.45438631,NA,72.24171068,2004,EU Member
499,Czech Republic,2018,NA,NA,NA,NA,2004,EU Member
6,Estonia,1992,NA,NA,NA,NA,2004,EU Member
25,Estonia,1993,NA,NA,NA,NA,2004,EU Member
44,Estonia,1994,NA,NA,NA,NA,2004,EU Member
63,Estonia,1995,3044.383709,67.84968844,23.51424422,75.3498498,2004,EU Member
82,Estonia,1996,3352.733741,61.79453897,22.03281641,72.30109645,2004,EU Member
101,Estonia,1997,3619.945496,71.60740536,22.34953814,82.07305894,2004,EU Member
120,Estonia,1998,4052.292271,74.38117713,22.33157026,84.04778798,2004,EU Member
139,Estonia,1999,4119.347394,70.23227125,21.03425462,74.63949206,2004,EU Member
158,Estonia,2000,4070.032827,61.63612381,19.68894845,64.87740739,2004,EU Member
177,Estonia,2001,4498.957027,61.34591621,19.25056298,65.3050526,2004,EU Member
196,Estonia,2002,5308.347781,58.31923863,19.75741413,65.77212563,2004,EU Member
215,Estonia,2003,7174.237415,57.39562783,19.91014707,65.88242692,2004,EU Member
234,Estonia,2004,8850.465115,61.51822834,20.37814068,69.39452228,2004,EU Member
253,Estonia,2005,10338.31322,65.905894,19.23764104,71.01070673,2004,EU Member
272,Estonia,2006,12595.41065,63.48853922,20.02898229,73.63286902,2004,EU Member
291,Estonia,2007,16586.4052,63.19569878,20.41584937,72.06997886,2004,EU Member
310,Estonia,2008,18094.54805,66.79774321,19.419855,70.72520989,2004,EU Member
329,Estonia,2009,14726.31828,60.80471139,21.49971156,55.84493381,2004,EU Member
348,Estonia,2010,14638.60482,75.07823021,19.85705451,68.72192133,2004,EU Member
367,Estonia,2011,17454.84342,86.53972527,19.25498267,80.81022394,2004,EU Member
386,Estonia,2012,17421.89022,85.98943859,19.93181749,84.43889568,2004,EU Member
405,Estonia,2013,19072.23852,84.3030815,20.14432738,81.49141981,2004,EU Member
424,Estonia,2014,19949.58138,82.57119591,21.0432866,79.74295498,2004,EU Member
443,Estonia,2015,17155.87418,78.60628123,21.97019919,74.60395153,2004,EU Member
462,Estonia,2016,17736.8027,78.98136173,22.43035043,75.12148794,2004,EU Member
481,Estonia,2017,19704.65504,78.03426494,NA,73.54658355,2004,EU Member
500,Estonia,2018,NA,NA,NA,NA,2004,EU Member
7,Georgia,1992,757.2235485,35.65683646,NA,66.28686327,9999,No EU Member
26,Georgia,1993,550.0155426,46.88874116,NA,71.75014789,9999,No EU Member
45,Georgia,1994,517.0870879,57.77210462,NA,109.1305109,9999,No EU Member
64,Georgia,1995,569.0181381,25.50189571,NA,42.3267831,9999,No EU Member
83,Georgia,1996,670.461106,13.32628867,NA,32.37055088,9999,No EU Member
102,Georgia,1997,774.6802109,15.6101325,8.33383326,42.14259433,9999,No EU Member
121,Georgia,1998,805.272688,16.45872547,7.241986477,37.10791482,9999,No EU Member
140,Georgia,1999,628.8656569,19.05560662,7.903052203,38.09630857,9999,No EU Member
159,Georgia,2000,691.9977067,22.99463053,7.651756552,39.66721233,9999,No EU Member
178,Georgia,2001,733.9703976,24.46137342,7.352414429,38.86856959,9999,No EU Member
197,Georgia,2002,779.3756798,29.22917398,7.61665803,42.39970216,9999,No EU Member
216,Georgia,2003,927.9891958,31.83761734,7.032852345,46.42210967,9999,No EU Member
235,Georgia,2004,1207.388182,31.55575009,9.927429423,48.18230095,9999,No EU Member
254,Georgia,2005,1530.035094,33.74827143,12.11003331,51.56772941,9999,No EU Member
273,Georgia,2006,1872.679332,32.8655666,15.44824805,57.0167148,9999,No EU Member
292,Georgia,2007,2492.128778,31.20571564,17.71530651,57.95058282,9999,No EU Member
311,Georgia,2008,3174.949001,28.61997221,23.80935867,58.40357734,9999,No EU Member
330,Georgia,2009,2706.588511,29.73948648,23.13861062,48.93413215,9999,No EU Member
349,Georgia,2010,2964.477041,34.95113266,22.13912818,52.7644643,9999,No EU Member
368,Georgia,2011,3725.063219,36.24242364,23.83340124,54.77406891,9999,No EU Member
387,Georgia,2012,4142.869176,38.15052269,24.11828495,57.79832489,9999,No EU Member
406,Georgia,2013,4274.376865,44.68923223,23.42018488,57.64138229,9999,No EU Member
425,Georgia,2014,4429.650075,42.94361709,23.48846295,60.47014854,9999,No EU Member
444,Georgia,2015,3764.640916,44.73795658,23.77410771,62.2702269,9999,No EU Member
463,Georgia,2016,3865.785693,43.60424324,23.47094706,59.32535767,9999,No EU Member
482,Georgia,2017,4057.286081,50.26564166,23.75720867,62.24857766,9999,No EU Member
501,Georgia,2018,NA,NA,NA,NA,9999,No EU Member
8,Hungary,1992,3734.561856,27.58635228,24.07793127,27.76957305,2004,EU Member
27,Hungary,1993,3873.423532,23.16796495,25.01413307,30.30693806,2004,EU Member
46,Hungary,1994,4172.765232,25.37466657,24.19830954,30.99572078,2004,EU Member
65,Hungary,1995,4494.053034,39.14828091,23.05708738,39.11579087,2004,EU Member
84,Hungary,1996,4525.140121,41.84579943,22.7908207,41.34083373,2004,EU Member
103,Hungary,1997,4595.524506,47.87357379,20.79605628,46.87737702,2004,EU Member
122,Hungary,1998,4750.414875,52.84823149,20.63492549,54.3617536,2004,EU Member
141,Hungary,1999,4802.95876,55.51831035,21.60238074,58.2078977,2004,EU Member
160,Hungary,2000,4633.312923,66.67745812,22.19916534,70.31291362,2004,EU Member
179,Hungary,2001,5283.034459,64.73484827,21.26238088,65.96304955,2004,EU Member
198,Hungary,2002,6665.961242,57.97193859,20.74522526,59.97944645,2004,EU Member
217,Hungary,2003,8423.350987,56.25066684,20.61046502,60.17771747,2004,EU Member
236,Hungary,2004,10296.33979,59.53508942,20.36215533,63.44775987,2004,EU Member
255,Hungary,2005,11205.97134,62.54942845,19.91096141,64.80424985,2004,EU Member
274,Hungary,2006,11447.81687,73.98227651,19.78170634,75.07054986,2004,EU Member
293,Hungary,2007,13907.50338,77.94397274,21.38955696,77.25611243,2004,EU Member
312,Hungary,2008,15739.73541,79.28946595,23.25006628,78.91849672,2004,EU Member
331,Hungary,2009,13029.88338,74.41039798,23.32356996,70.37099213,2004,EU Member
350,Hungary,2010,13092.23376,81.82944035,22.84823001,76.52325751,2004,EU Member
369,Hungary,2011,14118.12263,86.74503721,21.13499065,80.64300653,2004,EU Member
388,Hungary,2012,12888.30459,86.4054192,22.89203415,79.72043702,2004,EU Member
407,Hungary,2013,13667.70279,85.65930189,22.74488209,78.68423121,2004,EU Member
426,Hungary,2014,14201.44883,87.65437705,22.97457639,81.26945337,2004,EU Member
445,Hungary,2015,12483.86594,90.21258235,23.42140615,81.35328782,2004,EU Member
464,Hungary,2016,12820.0882,89.53683366,23.35318823,79.45581237,2004,EU Member
483,Hungary,2017,14224.84646,90.09004986,NA,82.27032558,2004,EU Member
502,Hungary,2018,NA,NA,NA,NA,2004,EU Member
9,Kosovo,1992,NA,NA,NA,NA,9999,No EU Member
28,Kosovo,1993,NA,NA,NA,NA,9999,No EU Member
47,Kosovo,1994,NA,NA,NA,NA,9999,No EU Member
66,Kosovo,1995,NA,NA,NA,NA,9999,No EU Member
85,Kosovo,1996,NA,NA,NA,NA,9999,No EU Member
104,Kosovo,1997,NA,NA,NA,NA,9999,No EU Member
123,Kosovo,1998,NA,NA,NA,NA,9999,No EU Member
142,Kosovo,1999,NA,NA,NA,NA,9999,No EU Member
161,Kosovo,2000,1087.762401,NA,NA,NA,9999,No EU Member
180,Kosovo,2001,1490.361033,NA,NA,NA,9999,No EU Member
199,Kosovo,2002,1413.532587,5.718210361,NA,46.44819466,9999,No EU Member
218,Kosovo,2003,1638.104739,5.612741125,NA,49.38806938,9999,No EU Member
237,Kosovo,2004,2086.537325,10.83650855,NA,45.86639634,9999,No EU Member
256,Kosovo,2005,2147.464271,11.29859107,NA,48.20234256,9999,No EU Member
275,Kosovo,2006,2237.126598,14.39846069,NA,51.70726935,9999,No EU Member
294,Kosovo,2007,2685.986222,16.08360771,NA,52.60759643,9999,No EU Member
313,Kosovo,2008,3254.820269,15.68198207,NA,54.26753889,9999,No EU Member
332,Kosovo,2009,3209.694109,17.07538824,NA,51.9510517,9999,No EU Member
351,Kosovo,2010,3283.510304,19.94547933,NA,55.49977283,9999,No EU Member
370,Kosovo,2011,3736.363217,23.63266239,NA,58.00461145,9999,No EU Member
389,Kosovo,2012,3600.673475,23.2560438,NA,53.89709225,9999,No EU Member
408,Kosovo,2013,3876.958302,21.92956107,NA,49.66582811,9999,No EU Member
427,Kosovo,2014,4054.721339,22.50202066,NA,51.21867984,9999,No EU Member
446,Kosovo,2015,3574.543333,21.93542833,NA,50.388291,9999,No EU Member
465,Kosovo,2016,3697.121677,23.69812688,NA,50.91514143,9999,No EU Member
484,Kosovo,2017,3957.441819,26.64993218,NA,52.53278037,9999,No EU Member
503,Kosovo,2018,NA,NA,NA,NA,9999,No EU Member
10,Latvia,1992,NA,NA,NA,NA,2004,EU Member
29,Latvia,1993,NA,NA,NA,NA,2004,EU Member
48,Latvia,1994,NA,NA,NA,NA,2004,EU Member
67,Latvia,1995,2329.270854,34.56705473,19.34561082,39.30970798,2004,EU Member
86,Latvia,1996,2429.591085,40.45054784,18.67260207,49.46654933,2004,EU Member
105,Latvia,1997,2682.316453,39.71451157,22.25833147,48.75660997,2004,EU Member
124,Latvia,1998,2977.148772,39.1888196,23.63521481,51.25483127,2004,EU Member
143,Latvia,1999,3151.325802,35.03116644,22.67019026,44.84027122,2004,EU Member
162,Latvia,2000,3352.731296,36.88260607,20.77011164,44.87030177,2004,EU Member
181,Latvia,2001,3572.80513,38.05599001,20.69071393,48.43798676,2004,EU Member
200,Latvia,2002,4132.349207,36.58009658,19.9848332,46.71856188,2004,EU Member
219,Latvia,2003,5134.905694,36.11872767,20.24452801,48.66202063,2004,EU Member
238,Latvia,2004,6351.080125,39.08135341,20.41818419,54.63199759,2004,EU Member
257,Latvia,2005,7558.742006,43.17540511,21.54094055,57.65799245,2004,EU Member
276,Latvia,2006,9667.9757,39.9732836,22.24857235,60.64531596,2004,EU Member
295,Latvia,2007,14044.01589,38.45098708,21.71420672,57.47203226,2004,EU Member
314,Latvia,2008,16348.53121,39.5423189,20.82914995,52.45906008,2004,EU Member
333,Latvia,2009,12219.37379,42.60288094,18.83515035,44.22354061,2004,EU Member
352,Latvia,2010,11326.21947,53.65732441,19.81145988,55.13166243,2004,EU Member
371,Latvia,2011,13702.68947,57.81669301,20.04159177,62.79455784,2004,EU Member
390,Latvia,2012,13822.80559,61.30948217,21.10077671,65.75631672,2004,EU Member
409,Latvia,2013,15032.28201,60.30417981,21.97728221,63.85393022,2004,EU Member
428,Latvia,2014,15716.36907,60.74087557,22.41081737,62.18631822,2004,EU Member
447,Latvia,2015,13639.69412,60.40379643,22.7669211,60.9141268,2004,EU Member
466,Latvia,2016,14070.42265,60.04198813,23.88406893,59.14539247,2004,EU Member
485,Latvia,2017,15594.28602,60.466692,NA,61.795762,2004,EU Member
504,Latvia,2018,NA,NA,NA,NA,2004,EU Member
11,Lithuania,1992,NA,NA,NA,NA,2004,EU Member
30,Lithuania,1993,NA,NA,NA,NA,2004,EU Member
49,Lithuania,1994,NA,NA,NA,NA,2004,EU Member
68,Lithuania,1995,2168.796099,37.14461565,19.81537394,47.77228211,2004,EU Member
87,Lithuania,1996,2328.153808,41.94043332,18.90312819,51.23392077,2004,EU Member
106,Lithuania,1997,2830.737533,44.9667461,21.64257803,55.04262927,2004,EU Member
125,Lithuania,1998,3166.895648,39.12476419,22.1851044,50.52704401,2004,EU Member
144,Lithuania,1999,3113.546428,32.41433371,22.21119614,42.39833562,2004,EU Member
163,Lithuania,2000,3297.354701,38.54565654,20.27497916,44.7286382,2004,EU Member
182,Lithuania,2001,3530.147337,44.0426404,19.38069762,49.50754023,2004,EU Member
201,Lithuania,2002,4146.987928,47.34210919,19.17685814,53.0177724,2004,EU Member
220,Lithuania,2003,5505.535669,46.16971807,19.04270901,51.95623213,2004,EU Member
239,Lithuania,2004,6706.966998,47.34668127,19.34284114,54.38392886,2004,EU Member
258,Lithuania,2005,7863.162009,53.84223732,19.73353411,61.07470161,2004,EU Member
277,Lithuania,2006,9240.642548,55.62027108,20.46218072,65.88392235,2004,EU Member
296,Lithuania,2007,12297.91535,50.35830795,20.34870279,63.48312136,2004,EU Member
315,Lithuania,2008,14961.56818,57.13900598,20.45934789,68.71041109,2004,EU Member
334,Lithuania,2009,11837.39103,51.9391993,17.01621141,53.61938276,2004,EU Member
353,Lithuania,2010,11984.86857,65.34215138,15.96848998,67.21963067,2004,EU Member
372,Lithuania,2011,14357.73523,74.99541467,15.50309451,77.54585051,2004,EU Member
391,Lithuania,2012,14341.18163,81.62313185,15.55868691,80.76293393,2004,EU Member
410,Lithuania,2013,15693.78673,84.06225771,15.63686882,82.81153567,2004,EU Member
429,Lithuania,2014,16545.12267,81.10314161,15.84198082,79.02613775,2004,EU Member
448,Lithuania,2015,14289.12057,75.83685052,16.65671853,76.31642401,2004,EU Member
467,Lithuania,2016,14912.68654,74.45144833,17.0262989,73.15867072,2004,EU Member
486,Lithuania,2017,16680.6781,81.30795043,NA,79.29363151,2004,EU Member
505,Lithuania,2018,NA,NA,NA,NA,2004,EU Member
12,"Macedonia, FYR",1992,1225.373149,51.66390456,NA,50.72008705,9999,No EU Member
31,"Macedonia, FYR",1993,1352.025726,44.44503077,NA,51.99741777,9999,No EU Member
50,"Macedonia, FYR",1994,1794.709897,36.31168831,NA,46.02337662,9999,No EU Member
69,"Macedonia, FYR",1995,2359.800338,31.38393032,NA,40.65985834,9999,No EU Member
88,"Macedonia, FYR",1996,2338.068311,26.79109665,NA,36.61829918,9999,No EU Member
107,"Macedonia, FYR",1997,1964.881911,35.47303128,NA,48.34337918,9999,No EU Member
126,"Macedonia, FYR",1998,1866.85009,39.17518736,NA,53.32067629,9999,No EU Member
145,"Macedonia, FYR",1999,1908.592601,40.09300404,NA,49.58293136,9999,No EU Member
164,"Macedonia, FYR",2000,1854.145956,32.94684009,NA,47.21330727,9999,No EU Member
183,"Macedonia, FYR",2001,1815.920091,29.19851184,NA,42.27930252,9999,No EU Member
202,"Macedonia, FYR",2002,1961.203736,26.30123636,NA,45.23263504,9999,No EU Member
221,"Macedonia, FYR",2003,2408.80011,27.65636747,NA,43.41295302,9999,No EU Member
240,"Macedonia, FYR",2004,2762.561701,30.70416616,NA,50.16596269,9999,No EU Member
259,"Macedonia, FYR",2005,3037.754585,34.80760066,18.42509865,51.03340282,9999,No EU Member
278,"Macedonia, FYR",2006,3325.613242,37.7914825,18.08266169,54.76018397,9999,No EU Member
297,"Macedonia, FYR",2007,4036.140237,44.11688197,19.07483022,61.97635221,9999,No EU Member
316,"Macedonia, FYR",2008,4793.292959,43.22446914,18.52394611,68.34558558,9999,No EU Member
335,"Macedonia, FYR",2009,4543.890244,32.80554336,17.12957827,54.37145159,9999,No EU Member
354,"Macedonia, FYR",2010,4542.904104,39.78975339,16.8656928,58.09131572,9999,No EU Member
373,"Macedonia, FYR",2011,5064.041106,47.12442857,16.999651,66.067697,9999,No EU Member
392,"Macedonia, FYR",2012,4698.689476,45.37446727,16.41665042,66.8405817,9999,No EU Member
411,"Macedonia, FYR",2013,5211.4992,43.39647453,15.668958,61.46075542,9999,No EU Member
430,"Macedonia, FYR",2014,5469.217898,47.66285529,16.23528371,64.87507368,9999,No EU Member
449,"Macedonia, FYR",2015,4840.319679,48.73799991,16.81823312,64.96044397,9999,No EU Member
468,"Macedonia, FYR",2016,5128.02282,50.66384216,16.95115782,65.52173438,9999,No EU Member
487,"Macedonia, FYR",2017,5414.614823,55.40009731,NA,69.17272138,9999,No EU Member
506,"Macedonia, FYR",2018,NA,NA,NA,NA,9999,No EU Member
13,Moldova,1992,NA,NA,NA,NA,9999,No EU Member
32,Moldova,1993,NA,NA,NA,NA,9999,No EU Member
51,Moldova,1994,NA,NA,NA,NA,9999,No EU Member
70,Moldova,1995,476.988491,60.12602406,NA,67.89036246,9999,No EU Member
89,Moldova,1996,462.1697494,55.32825516,12.08967623,73.90928088,9999,No EU Member
108,Moldova,1997,528.1804344,53.20011551,18.2831061,74.36028474,9999,No EU Member
127,Moldova,1998,465.0539664,45.01953659,18.08024084,71.78358786,9999,No EU Member
146,Moldova,1999,321.0262233,52.3183764,15.05735397,65.20955879,9999,No EU Member
165,Moldova,2000,354.0037982,49.60011381,14.72574961,76.56298632,9999,No EU Member
184,Moldova,2001,407.7348445,50.05504282,12.17120031,74.44569678,9999,No EU Member
203,Moldova,2002,458.6778168,52.46389652,12.88135437,77.37562898,9999,No EU Member
222,Moldova,2003,548.2896867,53.31334848,14.67291369,86.74359727,9999,No EU Member
241,Moldova,2004,720.9409321,51.19426874,16.35750648,81.50572477,9999,No EU Member
260,Moldova,2005,831.2052862,51.16376295,18.48540374,91.86030314,9999,No EU Member
279,Moldova,2006,950.6482044,45.25596575,19.57105102,91.89767336,9999,No EU Member
298,Moldova,2007,1230.434685,45.58083949,20.56670079,97.14084547,9999,No EU Member
317,Moldova,2008,1695.972811,40.81904378,20.4460968,93.6035296,9999,No EU Member
336,Moldova,2009,1525.526119,36.87212252,17.68531332,73.49120433,9999,No EU Member
355,Moldova,2010,1631.535832,39.22521538,18.1954702,78.54535396,9999,No EU Member
374,Moldova,2011,1970.571373,44.97170405,18.27994789,85.8294623,9999,No EU Member
393,Moldova,2012,2046.536787,43.48297185,18.64492684,83.94157448,9999,No EU Member
412,Moldova,2013,2243.990178,43.34351891,18.39738668,80.59517102,9999,No EU Member
431,Moldova,2014,2244.755308,41.53332108,19.81979798,78.52648762,9999,No EU Member
450,Moldova,2015,1832.495194,42.80462002,19.50462238,73.86356043,9999,No EU Member
469,Moldova,2016,1913.237414,43.46361133,19.29558286,70.9422131,9999,No EU Member
488,Moldova,2017,2289.877719,NA,20.74995511,NA,9999,No EU Member
507,Moldova,2018,NA,NA,NA,NA,9999,No EU Member
14,Montenegro,1992,NA,NA,NA,NA,9999,No EU Member
33,Montenegro,1993,NA,NA,NA,NA,9999,No EU Member
52,Montenegro,1994,NA,NA,NA,NA,9999,No EU Member
71,Montenegro,1995,NA,NA,NA,NA,9999,No EU Member
90,Montenegro,1996,NA,NA,NA,NA,9999,No EU Member
109,Montenegro,1997,NA,NA,NA,NA,9999,No EU Member
128,Montenegro,1998,NA,NA,NA,NA,9999,No EU Member
147,Montenegro,1999,NA,NA,NA,NA,9999,No EU Member
166,Montenegro,2000,1627.072633,30.1299898,NA,50.06150893,9999,No EU Member
185,Montenegro,2001,1909.598702,31.2851418,NA,60.503741,9999,No EU Member
204,Montenegro,2002,2106.635068,28.77223779,NA,58.73122638,9999,No EU Member
223,Montenegro,2003,2789.159065,25.43228124,NA,46.29660532,9999,No EU Member
242,Montenegro,2004,3380.165121,34.34685824,NA,57.14509011,9999,No EU Member
261,Montenegro,2005,3674.617924,36.20629049,NA,60.28433152,9999,No EU Member
280,Montenegro,2006,4425.680913,40.56152432,NA,77.43315681,9999,No EU Member
299,Montenegro,2007,5976.391922,43.00302663,NA,85.74317985,9999,No EU Member
318,Montenegro,2008,7367.751909,39.51974845,NA,92.82052323,9999,No EU Member
337,Montenegro,2009,6727.107767,34.33086631,NA,65.0941619,9999,No EU Member
356,Montenegro,2010,6682.281158,37.04440512,NA,62.73592121,9999,No EU Member
375,Montenegro,2011,7318.742449,42.34885658,NA,64.31003008,9999,No EU Member
394,Montenegro,2012,6586.719209,43.67249667,NA,68.09358298,9999,No EU Member
413,Montenegro,2013,7186.431924,41.34234771,NA,61.42855189,9999,No EU Member
432,Montenegro,2014,7378.341022,40.14372802,NA,59.98394989,9999,No EU Member
451,Montenegro,2015,6514.272695,42.11807213,NA,60.57090523,9999,No EU Member
470,Montenegro,2016,7028.940132,40.60063517,NA,63.0722313,9999,No EU Member
489,Montenegro,2017,7782.83979,41.0551905,NA,64.49977449,9999,No EU Member
508,Montenegro,2018,NA,NA,NA,NA,9999,No EU Member
15,Poland,1992,2459.020685,NA,NA,NA,2004,EU Member
34,Poland,1993,2497.195241,NA,NA,NA,2004,EU Member
53,Poland,1994,2874.825311,NA,22.78268073,NA,2004,EU Member
72,Poland,1995,3682.791215,22.96051734,22.39361964,20.71787701,2004,EU Member
91,Poland,1996,4141.271628,22.09311493,21.68824724,23.37936983,2004,EU Member
110,Poland,1997,4116.926243,23.35936527,20.93638306,27.11447982,2004,EU Member
129,Poland,1998,4510.413117,25.98202515,20.18714041,30.6785201,2004,EU Member
148,Poland,1999,4389.976415,24.12448183,18.09763147,29.89705727,2004,EU Member
167,Poland,2000,4492.727604,27.22895405,16.9937834,33.56174836,2004,EU Member
186,Poland,2001,4981.198619,27.22984711,16.08833616,30.84534761,2004,EU Member
205,Poland,2002,5196.932921,28.75809414,16.87393677,32.1662388,2004,EU Member
224,Poland,2003,5693.377763,33.39129715,16.74547539,36.04600854,2004,EU Member
243,Poland,2004,6681.178818,34.26481842,15.70174329,36.94834856,2004,EU Member
262,Poland,2005,8021.003655,34.60969966,16.51704043,35.66526127,2004,EU Member
281,Poland,2006,9038.730847,37.8639851,17.18591095,39.92740862,2004,EU Member
300,Poland,2007,11255.4367,38.56459008,18.1252184,42.09741454,2004,EU Member
319,Poland,2008,14001.44688,37.85698901,18.16356665,42.89746507,2004,EU Member
338,Poland,2009,11527.59323,37.18445017,15.93045661,38.0414631,2004,EU Member
357,Poland,2010,12597.86239,40.0551305,16.54994333,42.05319595,2004,EU Member
376,Poland,2011,13890.69624,42.56317238,16.69128122,44.51955038,2004,EU Member
395,Poland,2012,13143.52122,44.44359206,15.96452736,44.88387008,2004,EU Member
414,Poland,2013,13780.19061,46.31983318,15.56236213,44.37203323,2004,EU Member
433,Poland,2014,14345.18606,47.56892172,15.49688159,46.12800288,2004,EU Member
452,Poland,2015,12556.35575,49.55294879,15.61898714,46.45651163,2004,EU Member
471,Poland,2016,12430.6296,52.19454821,16.18177735,48.15814416,2004,EU Member
490,Poland,2017,13863.17788,54.29011027,NA,50.26799676,2004,EU Member
509,Poland,2018,NA,NA,NA,NA,2004,EU Member
16,Serbia,1992,NA,NA,NA,NA,9999,No EU Member
35,Serbia,1993,NA,NA,NA,NA,9999,No EU Member
54,Serbia,1994,NA,NA,NA,NA,9999,No EU Member
73,Serbia,1995,2196.618467,8.107428957,NA,15.10869382,9999,No EU Member
92,Serbia,1996,2749.966439,15.01345845,NA,27.06774737,9999,No EU Member
111,Serbia,1997,3178.831484,15.66258225,NA,29.88480789,9999,No EU Member
130,Serbia,1998,2416.069077,21.15819026,NA,30.37025688,9999,No EU Member
149,Serbia,1999,2441.430389,11.73225552,NA,18.38501627,9999,No EU Member
168,Serbia,2000,870.1365252,9.853248664,NA,14.31707835,9999,No EU Member
187,Serbia,2001,1634.875061,22.4434273,NA,37.74376339,9999,No EU Member
206,Serbia,2002,2149.909404,20.64520256,NA,38.72534402,9999,No EU Member
225,Serbia,2003,2832.490652,21.96246394,NA,39.55059173,9999,No EU Member
244,Serbia,2004,3331.228766,24.21941754,NA,50.63329852,9999,No EU Member
263,Serbia,2005,3528.131008,27.14087111,NA,47.13920156,9999,No EU Member
282,Serbia,2006,4129.758741,30.26624538,NA,50.59934125,9999,No EU Member
301,Serbia,2007,5458.121718,28.36379165,22.82560197,52.66337379,9999,No EU Member
320,Serbia,2008,6701.773913,29.11694621,22.407752,54.13892141,9999,No EU Member
339,Serbia,2009,5821.305397,26.84658891,21.20004486,42.74474238,9999,No EU Member
358,Serbia,2010,5411.877404,32.93254567,21.43866019,47.92145644,9999,No EU Member
377,Serbia,2011,6423.291783,33.97611231,20.19942118,49.37352886,9999,No EU Member
396,Serbia,2012,5659.380204,36.92831816,19.72138663,53.59663558,9999,No EU Member
415,Serbia,2013,6353.826383,41.20036372,NA,51.90930335,9999,No EU Member
434,Serbia,2014,6200.173221,43.37590345,NA,54.22296236,9999,No EU Member
453,Serbia,2015,5237.255334,46.67367451,NA,56.42636501,9999,No EU Member
472,Serbia,2016,5426.198279,50.02326647,NA,57.47522588,9999,No EU Member
491,Serbia,2017,5900.038108,52.44965601,NA,61.25974994,9999,No EU Member
510,Serbia,2018,NA,NA,NA,NA,9999,No EU Member
18,Slovak Republic,1992,2908.810832,66.47421981,NA,69.72930933,2004,EU Member
37,Slovak Republic,1993,3089.438276,55.13738903,NA,59.66271408,2004,EU Member
56,Slovak Republic,1994,3755.727737,58.15444439,NA,52.97772058,2004,EU Member
75,Slovak Republic,1995,4799.151051,56.68491233,23.25539788,54.55338367,2004,EU Member
94,Slovak Republic,1996,5177.748864,52.28677871,21.42004028,62.9364977,2004,EU Member
113,Slovak Republic,1997,5138.148679,55.06734748,20.42270573,64.47349635,2004,EU Member
132,Slovak Republic,1998,5533.588845,46.65717174,20.10885592,57.26502269,2004,EU Member
151,Slovak Republic,1999,5636.579532,47.47852964,19.69795439,51.87795587,2004,EU Member
170,Slovak Republic,2000,5402.929754,54.06572062,18.46661873,56.63371105,2004,EU Member
189,Slovak Republic,2001,5708.082659,57.79478437,17.23454329,65.82085571,2004,EU Member
208,Slovak Republic,2002,6524.861878,57.48239223,17.07472634,64.71374262,2004,EU Member
227,Slovak Republic,2003,8696.913242,62.19284565,17.63927149,64.09014889,2004,EU Member
246,Slovak Republic,2004,10654.79371,68.7124767,17.24557193,71.449347,2004,EU Member
265,Slovak Republic,2005,11669.41975,72.04562673,17.96072494,76.6337707,2004,EU Member
284,Slovak Republic,2006,13139.03218,81.02664006,16.75461081,85.00446034,2004,EU Member
303,Slovak Republic,2007,16057.73314,83.27576405,16.71579872,84.39509085,2004,EU Member
322,Slovak Republic,2008,18650.35912,80.04533635,16.40637863,82.87559341,2004,EU Member
341,Slovak Republic,2009,16512.98197,67.60925099,15.48443927,69.09227598,2004,EU Member
360,Slovak Republic,2010,16600.61359,76.33525779,14.99047283,77.78780202,2004,EU Member
379,Slovak Republic,2011,18187.15744,85.04703393,15.50155071,85.96083903,2004,EU Member
398,Slovak Republic,2012,17274.6423,91.43012388,14.97135083,87.76375496,2004,EU Member
417,Slovak Republic,2013,18191.61279,93.81950135,15.92241367,89.58596302,2004,EU Member
436,Slovak Republic,2014,18629.77966,91.85296342,16.69956003,88.42585503,2004,EU Member
455,Slovak Republic,2015,16132.86031,92.96750552,17.59772491,91.36023534,2004,EU Member
474,Slovak Republic,2016,16529.54097,94.62461021,17.44622807,91.12249918,2004,EU Member
493,Slovak Republic,2017,17604.95098,96.30350309,NA,92.87702733,2004,EU Member
512,Slovak Republic,2018,NA,NA,NA,NA,2004,EU Member
17,Slovenia,1992,NA,NA,NA,NA,2004,EU Member
36,Slovenia,1993,NA,NA,NA,NA,2004,EU Member
55,Slovenia,1994,NA,NA,NA,NA,2004,EU Member
74,Slovenia,1995,10690.66523,45.60678069,19.49776296,47.8565203,2004,EU Member
93,Slovenia,1996,10801.42843,46.18934007,20.12843477,47.43845016,2004,EU Member
112,Slovenia,1997,10447.93571,47.59380863,19.81502828,48.73227476,2004,EU Member
131,Slovenia,1998,11165.27633,47.54078993,20.5213458,49.2342283,2004,EU Member
150,Slovenia,1999,11441.99702,44.14771551,20.85848727,48.48138864,2004,EU Member
169,Slovenia,2000,10227.73677,50.00560338,20.04390177,53.67351933,2004,EU Member
188,Slovenia,2001,10479.29634,51.74892005,19.95027883,52.78977419,2004,EU Member
207,Slovenia,2002,11814.09994,52.1575729,20.43915302,51.16957611,2004,EU Member
226,Slovenia,2003,14880.47154,50.89585024,20.62191523,51.21261653,2004,EU Member
245,Slovenia,2004,17260.90151,54.96623593,20.60106635,56.41087277,2004,EU Member
264,Slovenia,2005,18169.18091,59.57994063,21.06720118,60.2175399,2004,EU Member
283,Slovenia,2006,19726.1265,64.69539306,20.83755211,64.74322833,2004,EU Member
302,Slovenia,2007,23841.31792,67.5970601,20.02955902,68.8949044,2004,EU Member
321,Slovenia,2008,27501.81027,66.108834,19.39492279,68.03551904,2004,EU Member
340,Slovenia,2009,24633.79785,57.24267828,18.04130246,55.37385863,2004,EU Member
359,Slovenia,2010,23437.47202,64.28811476,18.11282925,62.85321541,2004,EU Member
378,Slovenia,2011,24985.24827,70.37395513,17.91762013,68.53834618,2004,EU Member
397,Slovenia,2012,22532.43564,73.12463254,17.95506951,68.90661887,2004,EU Member
416,Slovenia,2013,23357.9392,74.51709496,18.00613113,68.95777257,2004,EU Member
435,Slovenia,2014,24202.43084,75.8134789,18.17819515,68.41448011,2004,EU Member
454,Slovenia,2015,20873.16111,76.99218179,18.49885581,68.40445524,2004,EU Member
473,Slovenia,2016,21650.21276,77.65409474,18.55501345,68.49812477,2004,EU Member
492,Slovenia,2017,23597.29173,82.21077922,NA,72.55322069,2004,EU Member
511,Slovenia,2018,NA,NA,NA,NA,2004,EU Member
19,Ukraine,1992,1378.639729,23.98092494,NA,21.98996572,9999,No EU Member
38,Ukraine,1993,1257.349855,25.87794136,NA,26.19087764,9999,No EU Member
57,Ukraine,1994,1011.98643,35.38884835,NA,38.5551534,9999,No EU Member
76,Ukraine,1995,935.9852577,47.07324897,NA,50.15644644,9999,No EU Member
95,Ukraine,1996,872.7091664,45.65193117,NA,48.20471207,9999,No EU Member
114,Ukraine,1997,991.2301315,40.5912252,NA,43.65018898,9999,No EU Member
133,Ukraine,1998,835.2603274,41.88784579,NA,44.16187971,9999,No EU Member
152,Ukraine,1999,635.7727285,53.70378974,12.99175088,48.24791535,9999,No EU Member
171,Ukraine,2000,635.7128467,62.44487564,14.10037044,57.413418,9999,No EU Member
190,Ukraine,2001,780.7380243,52.51604237,12.07313068,51.48511454,9999,No EU Member
209,Ukraine,2002,879.4750486,52.16232989,13.11147594,48.49417084,9999,No EU Member
228,Ukraine,2003,1048.522488,54.68504291,13.66777031,52.77365922,9999,No EU Member
247,Ukraine,2004,1367.352433,60.25506416,13.28863237,53.51677611,9999,No EU Member
266,Ukraine,2005,1828.717626,48.74552459,17.13981874,48.43125384,9999,No EU Member
285,Ukraine,2006,2303.018831,44.14905946,17.76488074,47.31265475,9999,No EU Member
304,Ukraine,2007,3068.608998,42.46326874,16.50071456,48.3502702,9999,No EU Member
323,Ukraine,2008,3891.037823,44.4321852,17.88010191,52.51512198,9999,No EU Member
342,Ukraine,2009,2545.480341,43.91311781,16.38775215,45.95322066,9999,No EU Member
361,Ukraine,2010,2965.142365,47.05340086,15.57052141,51.08667656,9999,No EU Member
380,Ukraine,2011,3569.757027,49.81634488,18.5150528,56.42546756,9999,No EU Member
399,Ukraine,2012,3855.42128,47.72077977,18.31655714,56.37228415,9999,No EU Member
418,Ukraine,2013,4029.715504,42.95671984,17.56138078,52.19294594,9999,No EU Member
437,Ukraine,2014,3104.658296,48.59296182,17.29434784,52.09882067,9999,No EU Member
456,Ukraine,2015,2124.662666,52.59767951,20.45136542,55.20893679,9999,No EU Member
475,Ukraine,2016,2185.728031,49.29861946,19.63011981,56.22258546,9999,No EU Member
494,Ukraine,2017,2639.824326,47.94731337,20.04098668,55.60893353,9999,No EU Member
513,Ukraine,2018,NA,NA,NA,NA,9999,No EU Member